<?xml version="1.0" encoding="UTF-8"?>
<metadata xml:lang="fr"><Esri><CreaDate>20220321</CreaDate><CreaTime>19082800</CreaTime><ArcGISFormat>1.0</ArcGISFormat><SyncOnce>FALSE</SyncOnce><DataProperties><itemProps><itemName Sync="TRUE">Togo_Communes</itemName><imsContentType Sync="TRUE">002</imsContentType><itemLocation><linkage Sync="TRUE">file://\\LAPTOP-4NQE9T6D\C$\Geographic_E_3\Africa Region\TOGO\Data\MBF Upload 2-20-2023\Togo_Communes.shp</linkage><protocol Sync="TRUE">Local Area Network</protocol></itemLocation><itemSize Sync="TRUE">0.000</itemSize></itemProps><coordRef><type Sync="TRUE">Projected</type><geogcsn Sync="TRUE">GCS_WGS_1984</geogcsn><csUnits Sync="TRUE">Linear Unit: Meter (1.000000)</csUnits><projcsn Sync="TRUE">WGS_1984_UTM_Zone_31N</projcsn><peXml Sync="TRUE">&lt;ProjectedCoordinateSystem xsi:type='typens:ProjectedCoordinateSystem' xmlns:xsi='http://www.w3.org/2001/XMLSchema-instance' xmlns:xs='http://www.w3.org/2001/XMLSchema' xmlns:typens='http://www.esri.com/schemas/ArcGIS/3.0.0'&gt;&lt;WKT&gt;PROJCS[&amp;quot;WGS_1984_UTM_Zone_31N&amp;quot;,GEOGCS[&amp;quot;GCS_WGS_1984&amp;quot;,DATUM[&amp;quot;D_WGS_1984&amp;quot;,SPHEROID[&amp;quot;WGS_1984&amp;quot;,6378137.0,298.257223563]],PRIMEM[&amp;quot;Greenwich&amp;quot;,0.0],UNIT[&amp;quot;Degree&amp;quot;,0.0174532925199433]],PROJECTION[&amp;quot;Transverse_Mercator&amp;quot;],PARAMETER[&amp;quot;False_Easting&amp;quot;,500000.0],PARAMETER[&amp;quot;False_Northing&amp;quot;,0.0],PARAMETER[&amp;quot;Central_Meridian&amp;quot;,3.0],PARAMETER[&amp;quot;Scale_Factor&amp;quot;,0.9996],PARAMETER[&amp;quot;Latitude_Of_Origin&amp;quot;,0.0],UNIT[&amp;quot;Meter&amp;quot;,1.0],AUTHORITY[&amp;quot;EPSG&amp;quot;,32631]],VERTCS[&amp;quot;WGS_1984&amp;quot;,DATUM[&amp;quot;D_WGS_1984&amp;quot;,SPHEROID[&amp;quot;WGS_1984&amp;quot;,6378137.0,298.257223563]],PARAMETER[&amp;quot;Vertical_Shift&amp;quot;,0.0],PARAMETER[&amp;quot;Direction&amp;quot;,1.0],UNIT[&amp;quot;Meter&amp;quot;,1.0],AUTHORITY[&amp;quot;Esri&amp;quot;,115700]]&lt;/WKT&gt;&lt;XOrigin&gt;-5120900&lt;/XOrigin&gt;&lt;YOrigin&gt;-9998100&lt;/YOrigin&gt;&lt;XYScale&gt;450445547.3910538&lt;/XYScale&gt;&lt;ZOrigin&gt;-100000&lt;/ZOrigin&gt;&lt;ZScale&gt;10000&lt;/ZScale&gt;&lt;MOrigin&gt;-100000&lt;/MOrigin&gt;&lt;MScale&gt;10000&lt;/MScale&gt;&lt;XYTolerance&gt;0.001&lt;/XYTolerance&gt;&lt;ZTolerance&gt;0.001&lt;/ZTolerance&gt;&lt;MTolerance&gt;0.001&lt;/MTolerance&gt;&lt;HighPrecision&gt;true&lt;/HighPrecision&gt;&lt;WKID&gt;32631&lt;/WKID&gt;&lt;LatestWKID&gt;32631&lt;/LatestWKID&gt;&lt;VCSWKID&gt;115700&lt;/VCSWKID&gt;&lt;LatestVCSWKID&gt;115700&lt;/LatestVCSWKID&gt;&lt;/ProjectedCoordinateSystem&gt;</peXml></coordRef><lineage><Process ToolSource="c:\program files (x86)\arcgis\desktop10.8\ArcToolbox\Toolboxes\Conversion Tools.tbx\FeatureClassToFeatureClass" Date="20220318" Time="165230">FeatureClassToFeatureClass Togo_canton "D:\Attestation\New File Geodatabase.gdb\Cantons" Cantons_Togo # "fid_1 "fid_1" true true false 20 Double 0 20 ,First,#,Togo_canton,fid_1,-1,-1;region_id "region_id" true true false 254 Text 0 0 ,First,#,Togo_canton,region_id,-1,-1;region_nom "region_nom" true true false 254 Text 0 0 ,First,#,Togo_canton,region_nom,-1,-1;prefecture "prefecture" true true false 254 Text 0 0 ,First,#,Togo_canton,prefecture,-1,-1;prefectu_1 "prefectu_1" true true false 254 Text 0 0 ,First,#,Togo_canton,prefectu_1,-1,-1;commune_id "commune_id" true true false 254 Text 0 0 ,First,#,Togo_canton,commune_id,-1,-1;commune_no "commune_no" true true false 254 Text 0 0 ,First,#,Togo_canton,commune_no,-1,-1;canton_id "canton_id" true true false 254 Text 0 0 ,First,#,Togo_canton,canton_id,-1,-1;canton_nom "canton_nom" true true false 254 Text 0 0 ,First,#,Togo_canton,canton_nom,-1,-1;canton_n_1 "canton_n_1" true true false 254 Text 0 0 ,First,#,Togo_canton,canton_n_1,-1,-1;grand_lome "grand_lome" true true false 1 Short 0 1 ,First,#,Togo_canton,grand_lome,-1,-1;Population "Population" true true false 24 Double 15 23 ,First,#,Togo_canton,Population,-1,-1;Localites_ "Localites_" true true false 10 Long 0 10 ,First,#,Togo_canton,Localites_,-1,-1" #</Process><Process ToolSource="c:\program files\arcgis\pro\Resources\ArcToolbox\toolboxes\Conversion Tools.tbx\FeatureClassToFeatureClass" Date="20230220" Time="163336">FeatureClassToFeatureClass Togo_cantons "C:\Geographic_E_3\Africa Region\TOGO\Data\Atsu Hlovor\FromA_Edited" Togo_cantons_Old.shp # "OBJECTID_1 "OBJECTID_1" true true false 10 Long 0 10,First,#,Togo_cantons,OBJECTID_1,-1,-1;OBJECTID "OBJECTID" true true false 10 Long 0 10,First,#,Togo_cantons,OBJECTID,-1,-1;fid_1 "fid_1" true true false 19 Double 0 0,First,#,Togo_cantons,fid_1,-1,-1;region_id "region_id" true true false 254 Text 0 0,First,#,Togo_cantons,region_id,0,254;region_nom "region_nom" true true false 254 Text 0 0,First,#,Togo_cantons,region_nom,0,254;prefecture "prefecture" true true false 254 Text 0 0,First,#,Togo_cantons,prefecture,0,254;prefectu_1 "prefectu_1" true true false 254 Text 0 0,First,#,Togo_cantons,prefectu_1,0,254;commune_id "commune_id" true true false 254 Text 0 0,First,#,Togo_cantons,commune_id,0,254;commune_no "commune_no" true true false 254 Text 0 0,First,#,Togo_cantons,commune_no,0,254;canton_id "canton_id" true true false 254 Text 0 0,First,#,Togo_cantons,canton_id,0,254;canton_nom "canton_nom" true true false 254 Text 0 0,First,#,Togo_cantons,canton_nom,0,254;canton_n_1 "canton_n_1" true true false 254 Text 0 0,First,#,Togo_cantons,canton_n_1,0,254;grand_lome "grand_lome" true true false 10 Long 0 10,First,#,Togo_cantons,grand_lome,-1,-1;Population "Population" true true false 19 Double 0 0,First,#,Togo_cantons,Population,-1,-1;Localites_ "Localites_" true true false 10 Long 0 10,First,#,Togo_cantons,Localites_,-1,-1;Shape_Leng "Shape_Leng" true true false 19 Double 0 0,First,#,Togo_cantons,Shape_Leng,-1,-1;Shape_Le_1 "Shape_Le_1" true true false 19 Double 0 0,First,#,Togo_cantons,Shape_Le_1,-1,-1;Shape_Area "Shape_Area" true true false 19 Double 0 0,First,#,Togo_cantons,Shape_Area,-1,-1" #</Process><Process ToolSource="c:\program files\arcgis\pro\Resources\ArcToolbox\toolboxes\Conversion Tools.tbx\FeatureClassToFeatureClass" Date="20230220" Time="170039">FeatureClassToFeatureClass Togo_cantons_Old "C:\Geographic_E_3\Africa Region\TOGO\Data\MBF Upload 2-20-2023" Togo_cantons_Old_modified.shp # "fid_1 "fid_1" true true false 19 Double 0 0,First,#,Togo_cantons_Old,fid_1,-1,-1;region_id "region_id" true true false 254 Text 0 0,First,#,Togo_cantons_Old,region_id,0,254;region_nom "region_nom" true true false 254 Text 0 0,First,#,Togo_cantons_Old,region_nom,0,254;prefecture "prefecture" true true false 254 Text 0 0,First,#,Togo_cantons_Old,prefecture,0,254;prefectu_1 "prefectu_1" true true false 254 Text 0 0,First,#,Togo_cantons_Old,prefectu_1,0,254;commune_id "commune_id" true true false 254 Text 0 0,First,#,Togo_cantons_Old,commune_id,0,254;commune_no "commune_no" true true false 254 Text 0 0,First,#,Togo_cantons_Old,commune_no,0,254;Oldcanton_id "canton_id" true true false 254 Text 0 0,First,#,Togo_cantons_Old,canton_id,0,254;Oldcanton_nom "canton_nom" true true false 254 Text 0 0,First,#,Togo_cantons_Old,canton_nom,0,254;grand_lome "grand_lome" true true false 10 Long 0 10,First,#,Togo_cantons_Old,grand_lome,-1,-1;OldCantonPopulation "Population" true true false 19 Double 0 0,First,#,Togo_cantons_Old,Population,-1,-1;OldLocalitesinCanton "Localites_" true true false 10 Long 0 10,First,#,Togo_cantons_Old,Localites_,-1,-1;Shape_Leng "Shape_Leng" true true false 19 Double 0 0,First,#,Togo_cantons_Old,Shape_Leng,-1,-1;Shape_Le_1 "Shape_Le_1" true true false 19 Double 0 0,First,#,Togo_cantons_Old,Shape_Le_1,-1,-1;Shape_Area "Shape_Area" true true false 19 Double 0 0,First,#,Togo_cantons_Old,Shape_Area,-1,-1" #</Process><Process ToolSource="c:\program files\arcgis\pro\Resources\ArcToolbox\toolboxes\Data Management Tools.tbx\Dissolve" Date="20230220" Time="202847">Dissolve Togo_cantons_Old_modified "C:\Geographic_E_3\Africa Region\TOGO\Data\MBF Upload 2-20-2023\Togo_Communes.shp" region_id;region_nom;prefecture;prefectu_1;commune_id;commune_no # MULTI_PART DISSOLVE_LINES #</Process></lineage></DataProperties><SyncDate>20230220</SyncDate><SyncTime>20284700</SyncTime><ModDate>20230220</ModDate><ModTime>20284700</ModTime></Esri><dataIdInfo><envirDesc Sync="TRUE">Microsoft Windows 10 Version 10.0 (Build 22621) ; Esri ArcGIS 13.0.4.36057</envirDesc><dataLang><languageCode value="eng" Sync="TRUE"></languageCode><countryCode value="USA" Sync="TRUE"></countryCode></dataLang><idCitation><resTitle Sync="TRUE">Togo_Communes</resTitle><presForm><PresFormCd value="005" Sync="TRUE"></PresFormCd></presForm></idCitation><spatRpType><SpatRepTypCd value="001" Sync="TRUE"></SpatRepTypCd></spatRpType></dataIdInfo><mdLang><languageCode value="eng" Sync="TRUE"></languageCode><countryCode value="USA" Sync="TRUE"></countryCode></mdLang><distInfo><distFormat><formatName Sync="TRUE">Shapefile</formatName></distFormat><distTranOps><transSize Sync="TRUE">0.000</transSize></distTranOps></distInfo><mdHrLv><ScopeCd value="005" Sync="TRUE"></ScopeCd></mdHrLv><mdHrLvName Sync="TRUE">dataset</mdHrLvName><refSysInfo><RefSystem><refSysID><identCode code="32631" Sync="TRUE"></identCode><idCodeSpace Sync="TRUE">EPSG</idCodeSpace><idVersion Sync="TRUE">9.8.8(3.0.1)</idVersion></refSysID></RefSystem></refSysInfo><spatRepInfo><VectSpatRep><geometObjs Name="Togo_Communes"><geoObjTyp><GeoObjTypCd value="002" Sync="TRUE"></GeoObjTypCd></geoObjTyp><geoObjCnt Sync="TRUE">0</geoObjCnt></geometObjs><topLvl><TopoLevCd value="001" Sync="TRUE"></TopoLevCd></topLvl></VectSpatRep></spatRepInfo><spdoinfo><ptvctinf><esriterm Name="Togo_Communes"><efeatyp Sync="TRUE">Simple</efeatyp><efeageom code="4" Sync="TRUE"></efeageom><esritopo Sync="TRUE">FALSE</esritopo><efeacnt Sync="TRUE">0</efeacnt><spindex Sync="TRUE">FALSE</spindex><linrefer Sync="TRUE">FALSE</linrefer></esriterm></ptvctinf></spdoinfo><eainfo><detailed Name="Togo_Communes"><enttyp><enttypl Sync="TRUE">Togo_Communes</enttypl><enttypt Sync="TRUE">Feature Class</enttypt><enttypc Sync="TRUE">0</enttypc></enttyp><attr><attrlabl Sync="TRUE">FID</attrlabl><attalias Sync="TRUE">FID</attalias><attrtype Sync="TRUE">OID</attrtype><attwidth Sync="TRUE">4</attwidth><atprecis Sync="TRUE">0</atprecis><attscale Sync="TRUE">0</attscale><attrdef Sync="TRUE">Internal feature number.</attrdef><attrdefs Sync="TRUE">Esri</attrdefs><attrdomv><udom Sync="TRUE">Sequential unique whole numbers that are automatically generated.</udom></attrdomv></attr><attr><attrlabl Sync="TRUE">Shape</attrlabl><attalias Sync="TRUE">Shape</attalias><attrtype Sync="TRUE">Geometry</attrtype><attwidth Sync="TRUE">0</attwidth><atprecis Sync="TRUE">0</atprecis><attscale Sync="TRUE">0</attscale><attrdef Sync="TRUE">Feature geometry.</attrdef><attrdefs Sync="TRUE">Esri</attrdefs><attrdomv><udom Sync="TRUE">Coordinates defining the features.</udom></attrdomv></attr><attr><attrlabl Sync="TRUE">region_id</attrlabl><attalias Sync="TRUE">region_id</attalias><attrtype Sync="TRUE">String</attrtype><attwidth Sync="TRUE">254</attwidth><atprecis Sync="TRUE">0</atprecis><attscale Sync="TRUE">0</attscale></attr><attr><attrlabl Sync="TRUE">region_nom</attrlabl><attalias Sync="TRUE">region_nom</attalias><attrtype Sync="TRUE">String</attrtype><attwidth Sync="TRUE">254</attwidth><atprecis Sync="TRUE">0</atprecis><attscale Sync="TRUE">0</attscale></attr><attr><attrlabl Sync="TRUE">prefecture</attrlabl><attalias Sync="TRUE">prefecture</attalias><attrtype Sync="TRUE">String</attrtype><attwidth Sync="TRUE">254</attwidth><atprecis Sync="TRUE">0</atprecis><attscale Sync="TRUE">0</attscale></attr><attr><attrlabl Sync="TRUE">prefectu_1</attrlabl><attalias Sync="TRUE">prefectu_1</attalias><attrtype Sync="TRUE">String</attrtype><attwidth Sync="TRUE">254</attwidth><atprecis Sync="TRUE">0</atprecis><attscale Sync="TRUE">0</attscale></attr><attr><attrlabl Sync="TRUE">commune_id</attrlabl><attalias Sync="TRUE">commune_id</attalias><attrtype Sync="TRUE">String</attrtype><attwidth Sync="TRUE">254</attwidth><atprecis Sync="TRUE">0</atprecis><attscale Sync="TRUE">0</attscale></attr><attr><attrlabl Sync="TRUE">commune_no</attrlabl><attalias Sync="TRUE">commune_no</attalias><attrtype Sync="TRUE">String</attrtype><attwidth Sync="TRUE">254</attwidth><atprecis Sync="TRUE">0</atprecis><attscale Sync="TRUE">0</attscale></attr></detailed></eainfo><mdDateSt Sync="TRUE">20230220</mdDateSt><mdChar><CharSetCd value="004" Sync="TRUE"></CharSetCd></mdChar></metadata>
